<?xml version="1.0" encoding="UTF-8" standalone="yes"?>
<addon id="repository.wrctv" name="WRC TV Repository" version="1.0" provider-name="weriseco">
    <extension point="xbmc.addon.repository" name="Example Repository">
        <dir>
            <info compressed="false">https://raw.githubusercontent.com/weriseco/repository.wrctv/master/repo/zips/addons.xml</info>
            <checksum>https://raw.githubusercontent.com/weriseco/repository.wrctv/master/repo/zips/addons.xml.md5</checksum>
            <datadir zip="true">https://raw.githubusercontent.com/weriseco/repository.wrctv/master/repo/zips/</datadir>
        </dir>
    </extension>
    <extension point="xbmc.addon.metadata">
        <summary>WRC TV Repository</summary>
        <description>Wizard and Builds for Kodi</description>
        <disclaimer></disclaimer>
        <platform>all</platform>
        <assets>
            <icon>icon.png</icon>
            <fanart>fanart.jpg</fanart>
        </assets>
    </extension>
</addon>